id,name,email,city,country,registration_date,active
0,Clímaco Matas Iniesta,oliverfernando@example.org,La Rioja,Dominican Republic,2025-03-09,1
1,Ignacia Gras Bermejo,soledadgalan@example.org,Navarra,Nicaragua,2022-08-22,1
2,Cleto Casals Codina,xaviervillaverde@example.org,Valencia,Costa Rica,2024-02-16,0
3,Albina Del Berenguer,klamas@example.net,unknown,Colombia,2022-02-18,0
4,África Porcel Gutierrez,domingojose-carlos@example.org,unknown,Colombia,2023-01-19,1
5,Adora Lledó Conesa,wvalls@example.org,Granada,Nicaragua,2021-11-16,1
6,Gabriel Cervera Palacios,andres04@example.net,La Coruña,Equatorial Guinea,2023-05-18,0
7,Maricela Suárez Huertas,qvega@example.net,La Coruña,Guatemala,2023-09-25,1
8,Belen De Mulet,querolcaridad@example.com,Girona,Guatemala,2022-06-08,0
9,Roberto Gimeno Alarcón,dimas12@example.com,Palencia,Argentina,2021-10-16,0
10,Alexandra Benitez Malo,lourdesbadia@example.org,Las Palmas,Peru,2021-11-25,1
11,Manola Clavero Palma,ceferino41@example.net,La Coruña,Colombia,2025-12-24,0
12,Felicidad Cabrera Jaén,posadacoral@example.net,Las Palmas,Panama,2021-08-31,0
13,Manuel Capdevila Pla,garcesadalberto@example.org,Álava,Uruguay,2023-01-11,0
14,Liliana Garmendia-López,patricialeal@example.com,unknown,Bolivia,2025-11-13,1
15,Bernardita Del Mendez,sorianogil@example.com,Badajoz,Paraguay,2021-03-25,0
16,Evita De Ariño,sorayafiguerola@example.com,Valladolid,Costa Rica,2025-11-04,0
17,Francisca Garcés Salamanca,vilaralejo@example.com,Cádiz,Chile,2022-08-03,0
18,Juan Bautista Toni Mendizábal Salvà,rodrigo97@example.com,Melilla,Paraguay,2023-11-05,1
19,Aitana De Borrego,nicolascasal@example.org,Cantabria,Honduras,2023-03-10,1
20,Fidel Prats Rocha,natanael98@example.com,Castellón,Colombia,2022-10-10,1
21,Mohamed Díez Cisneros,maricruz60@example.org,Las Palmas,Cuba,2023-10-26,1
22,Samu Cuadrado Barco,bautistasantamaria@example.com,Málaga,Spain,2024-07-11,0
23,Hernán Fernandez Herranz,porfirio25@example.com,Córdoba,Panama,2023-09-14,1
24,Calista Requena,iriscaceres@example.com,Valladolid,Honduras,2023-09-22,0
25,Josep Mateu Almeida,blancocleto@example.net,unknown,Panama,2023-02-04,0
26,Esther Miralles,reynamelendez@example.org,Córdoba,Puerto Rico,2023-11-18,1
27,Camila Otero-Trillo,luciosoria@example.org,Alicante,Costa Rica,2025-07-11,1
28,Alba Ferrando Molins,reyesantonia@example.com,Ourense,Nicaragua,2023-03-31,1
29,Moreno Anaya Guillen,ale43@example.org,Huesca,Colombia,2024-10-12,0
30,Leticia Narváez Segura,felix22@example.net,León,Mexico,2022-02-27,1
31,Liliana Bayona,albanocabo@example.net,Tarragona,Equatorial Guinea,2021-11-25,1
32,Selena Lloret Pellicer,sgisbert@example.com,unknown,Colombia,2025-02-24,1
33,Teo Núñez Tudela,corominasernesto@example.org,Jaén,Cuba,2021-08-28,0
34,Sabina Lago-Montenegro,calixto05@example.net,Vizcaya,El Salvador,2025-01-09,1
35,Natalio Caro Puente,buendiasimon@example.net,Ciudad,Guatemala,2025-07-24,1
36,Álvaro Losa Millán,julianrocio@example.net,Badajoz,Nicaragua,2022-10-14,0
37,Iván Campillo España,candelapablo@example.com,Las Palmas,Guatemala,2022-01-25,0
38,Dafne Pili Tapia Lucena,acevedodamian@example.net,Segovia,Mexico,2021-08-15,1
39,Adán José Manuel Moraleda Pedrero,manueljennifer@example.com,Granada,Guatemala,2023-09-09,0
40,Constanza Ordóñez Pons,trinidadfernandez@example.net,Lugo,Spain,2022-01-04,1
41,Benigno Barberá Manuel,jordaclimaco@example.com,Ávila,Honduras,2023-07-28,1
42,Agapito Ferrán Valverde,leticia60@example.org,Lugo,Paraguay,2022-07-07,1
43,María José Torres Dominguez,guerreroprimitivo@example.com,unknown,Equatorial Guinea,2024-09-12,0
44,Carmelita Merino,pujadasjose-luis@example.com,Santa Cruz de Tenerife,Nicaragua,2025-08-16,1
45,Julia Carlos Garcés,dbeltran@example.org,Castellón,Mexico,2025-09-03,0
46,Marcelino Navarro,pratsomar@example.com,Baleares,Equatorial Guinea,2023-01-17,0
47,Javiera De Peiró,ubaro@example.com,Vizcaya,Ecuador,2024-06-18,1
48,Isaura Del Manzano,evangelinacalzada@example.com,Asturias,Peru,2021-09-16,1
49,Felisa Arenas Pozuelo,ani83@example.net,Valencia,Chile,2023-12-30,1
50,Jennifer Macías Girona,benignofonseca@example.com,Badajoz,Nicaragua,2024-10-29,1
51,Carlito Burgos Gargallo,salazararturo@example.org,Lugo,Venezuela,2021-06-21,0
52,Felix Sainz Carrillo,gjaume@example.org,Málaga,Peru,2024-11-09,1
53,Roberta Revilla Cárdenas,victoriano33@example.net,Asturias,Costa Rica,2025-07-14,1
54,Eutimio Edu Vilalta Reig,alexandrazurita@example.net,Ourense,El Salvador,2025-11-13,1
55,Marcelo Jaume Aranda,emilianapuga@example.org,Granada,Mexico,2024-12-12,0
56,Victor Manuel Páez Guardia,peraltaanacleto@example.org,Valladolid,Uruguay,2024-03-01,1
57,Cándido Grande-Luján,artigasmaria@example.net,Ourense,Equatorial Guinea,2023-09-11,0
58,Carlos Vaquero Ferrera,otilia37@example.com,Ávila,Argentina,2022-08-30,1
59,Estrella Del Belda,omas@example.net,unknown,Chile,2022-06-04,1
60,Amado Real Tomé,goyoariza@example.net,Alicante,Guatemala,2023-07-08,0
61,José Antonio Jeremías Escalona Sales,jimenezfabiana@example.net,Almería,Bolivia,2025-05-14,1
62,Marcia Palma Talavera,casemiro69@example.org,Guipúzcoa,Honduras,2023-07-11,1
63,Eligia Antúnez Ferrando,macarena82@example.com,Las Palmas,Peru,2023-09-26,0
64,Priscila Charo Río Santamaría,javier78@example.net,Ceuta,Spain,2021-08-17,0
65,Hernán Baquero-Recio,gualteresa@example.com,La Coruña,Ecuador,2023-08-08,0
66,Héctor Múñiz Antón,jesusa08@example.com,Santa Cruz de Tenerife,Venezuela,2024-01-05,1
67,Rómulo Milla Pinto,elenarozas@example.net,Asturias,Guatemala,2021-06-29,1
68,Pelayo Cazorla Otero,sebastian58@example.org,Cantabria,Colombia,2022-08-22,0
69,Clarisa Salas Oliveras,calvetmaximo@example.net,Melilla,Nicaragua,2023-03-06,1
70,Enrique Ríos-Vives,narcisotorrecilla@example.org,unknown,El Salvador,2023-06-13,0
71,Viviana Marquez,vtorrijos@example.org,La Rioja,Costa Rica,2024-10-24,0
72,Trinidad Viña Menéndez,talaveraignacio@example.com,Las Palmas,Bolivia,2022-02-07,1
73,Zoraida Polo-Elías,cabanillasamancio@example.com,Alicante,Guatemala,2024-12-10,0
74,Édgar Sarabia Montenegro,armidaaragon@example.com,Jaén,Colombia,2022-02-28,0
75,Régulo Alfonso Alcázar,hmelendez@example.org,Segovia,Bolivia,2023-04-23,0
76,Seve Leonardo Lledó Macias,maria-jesusnevado@example.net,Zaragoza,Argentina,2022-12-04,0
77,Pili Ariño Blanes,ysaez@example.net,Salamanca,Panama,2021-12-28,0
78,Heliodoro Sevillano Cobo,florencio71@example.net,Huelva,El Salvador,2023-06-14,1
79,Alex Campillo Novoa,sosimo88@example.com,Navarra,Dominican Republic,2022-04-06,0
80,Tamara Villalba Prats,wpenalver@example.com,Tarragona,Panama,2022-01-13,1
81,Teófilo Pozo Domingo,oroyo@example.net,Lleida,Nicaragua,2024-10-04,1
82,Dorotea Abellán Padilla,armidavalle@example.com,unknown,Nicaragua,2022-05-22,0
83,Lupe Posada Baró,navarretefelicidad@example.net,Zaragoza,Spain,2024-09-09,0
84,Camila Hervia Roma,maximiliano69@example.org,Almería,Mexico,2021-07-14,1
85,Manuela Porras Iriarte,olimpiahoz@example.net,Cáceres,Nicaragua,2022-02-11,0
86,Íñigo Tovar Gonzalez,penaruth@example.org,Huelva,Uruguay,2025-04-03,1
87,María Jesús Oliveras Agustí,rupertocanals@example.org,Soria,Venezuela,2024-10-06,0
88,Blanca Bermejo,cuevasfatima@example.org,Ceuta,Nicaragua,2024-01-09,0
89,Visitación Palacios Hierro,zbernad@example.org,unknown,Chile,2024-07-30,1
90,Elisa Del Manrique,mirpriscila@example.com,Valencia,El Salvador,2024-06-29,0
91,Narciso Zamora-Pagès,santos46@example.com,Guipúzcoa,Venezuela,2022-12-28,1
92,Sandra Carretero Aragonés,bmontoya@example.net,unknown,Honduras,2023-10-15,0
93,Jimena Sosa Vergara,guardialidia@example.com,Ceuta,Ecuador,2024-02-10,0
94,Regina Zurita Sainz,camposhector@example.net,unknown,Dominican Republic,2025-04-27,0
95,Lupita Clarisa Aller Franch,valcalde@example.org,Valladolid,Peru,2024-06-12,0
96,Damián Baquero Losada,casadobenjamin@example.com,La Coruña,Peru,2022-05-17,0
97,Fito Chaves Cruz,isaias27@example.com,Huelva,Paraguay,2021-07-29,1
98,Josué Prats-Olmo,sanziker@example.net,Zaragoza,Peru,2021-07-06,0
99,Jose Ignacio Molina Vera,zrubio@example.net,Palencia,Argentina,2022-09-30,1
100,Vanesa Paz Agustín Aragonés,montesinoselias@example.net,Madrid,Dominican Republic,2023-04-19,0
101,Ester Gascón Olivares,felipepareja@example.com,León,Venezuela,2024-08-10,0
102,Mario Portero,estela04@example.org,Ourense,Mexico,2024-08-28,1
103,Quirino Codina-Peral,silvestresantamaria@example.org,Valencia,Peru,2021-12-07,0
104,Ángel Coloma Córdoba,casadomaite@example.com,Badajoz,Uruguay,2023-06-20,0
105,Vasco Morell Casals,martinezyolanda@example.net,Ourense,Chile,2023-10-20,1
106,Visitación Porcel-Roselló,tbas@example.net,unknown,Cuba,2025-07-13,1
107,Lola Vázquez Sacristán,gracianocarrillo@example.org,Murcia,Nicaragua,2023-06-04,0
108,Nando Martín Morán,zleiva@example.net,Navarra,Argentina,2024-09-10,1
109,Inmaculada Carpio Sancho,eliaslosada@example.com,Alicante,Guatemala,2024-03-23,1
110,Concepción Domínguez,monterojose-luis@example.com,Guadalajara,Dominican Republic,2025-09-04,1
111,Eligio Granados Palomino,reynasalamanca@example.org,unknown,Peru,2021-03-07,1
112,Macaria Saez Miranda,lazaro62@example.com,Valladolid,Costa Rica,2023-09-23,0
113,Florinda Almagro,quiqueescobar@example.net,Guadalajara,El Salvador,2022-06-08,0
114,Dionisia Riquelme Farré,germancanals@example.com,Soria,Colombia,2021-04-10,1
115,Rufino Mascaró Ibañez,moisescobos@example.net,Cuenca,Panama,2024-07-31,0
116,Dionisia Cámara Bayona,nfuertes@example.org,Jaén,Nicaragua,2021-05-18,1
117,Óscar Rodrigo,moraneugenia@example.com,Murcia,Panama,2022-02-07,0
118,Eliseo Donoso-Lerma,sanchoblazquez@example.com,Valencia,Venezuela,2025-08-22,1
119,Clara Ramón Alvarado,sromero@example.com,Baleares,El Salvador,2022-01-20,0
120,Isidoro Solana Murillo,anselmo38@example.org,Segovia,Puerto Rico,2024-01-11,0
121,Mar Guillen Berenguer,mazcona@example.net,Asturias,Guatemala,2021-05-09,1
122,María Ojeda,marcjimenez@example.com,La Rioja,El Salvador,2022-01-15,1
123,Tito Blasco Martinez,felicidad52@example.org,Valladolid,Guatemala,2022-08-17,1
124,María Luisa Barrio Barreda,primitivasoler@example.com,Jaén,Guatemala,2024-10-17,1
125,Agustín Faustino Gálvez Campoy,martorellsol@example.org,Pontevedra,Bolivia,2025-09-13,1
126,José María Piquer Figueras,guiomarpacheco@example.net,Tarragona,Chile,2026-02-20,1
127,Pastor Del Luján,fagustin@example.com,Segovia,Panama,2024-05-26,0
128,Maximiano Cobos,xmoran@example.com,La Rioja,Guatemala,2024-06-25,0
129,Fernanda Pou Chico,lalo66@example.net,Barcelona,Dominican Republic,2025-07-05,1
130,Úrsula Santamaría Mendoza,csevilla@example.com,unknown,Costa Rica,2025-12-09,1
131,Carmela Bautista-Blázquez,mpellicer@example.com,Girona,Paraguay,2024-11-19,1
132,Sandra Daza-Cifuentes,plledo@example.net,León,Ecuador,2025-02-15,0
133,Ruth Soriano Alcalá,luciapalomares@example.net,Tarragona,Colombia,2024-02-02,1
134,Leonor Diego,anguitafeliciana@example.org,Cádiz,Guatemala,2021-07-25,1
135,Marta Arrieta,saritaros@example.com,Ceuta,Mexico,2021-04-09,1
136,Modesto Palacio Camino,jbaeza@example.net,Álava,Peru,2022-07-12,0
137,Azahara Otero Pinto,arocaafrica@example.net,Cuenca,Guatemala,2023-06-06,0
138,Marisol De Diaz,isaias79@example.org,Cantabria,Nicaragua,2025-08-03,1
139,Gabriela Asensio Infante,enriquezleon@example.net,Huesca,Equatorial Guinea,2021-04-07,1
140,Ileana Emelina Bou Gárate,ollerrocio@example.org,Lleida,Venezuela,2026-02-14,1
141,Isaura Del Giralt,nescamilla@example.net,Alicante,Costa Rica,2022-02-06,1
142,Primitivo Solano Urrutia,luis99@example.com,Castellón,Venezuela,2024-06-25,1
143,Nerea Exposito Zamorano,mgibert@example.com,Santa Cruz de Tenerife,Ecuador,2022-02-09,1
144,Herminia Alfonso-Gomis,raulvina@example.org,Girona,Puerto Rico,2022-01-11,0
145,Josep Tejera,beniteztito@example.com,unknown,Costa Rica,2025-06-22,1
146,Alejandra De Barreda,campoafrica@example.com,Valencia,Venezuela,2022-06-24,0
147,Jose Carlos Gonzalo Taboada Heredia,marcelapuerta@example.com,Santa Cruz de Tenerife,Ecuador,2025-10-07,1
148,Sonia Baena-Llabrés,karnaiz@example.com,Zaragoza,Spain,2021-05-18,1
149,Sara Vicens Murcia,blanchteo@example.org,Huesca,Peru,2022-01-08,1
150,Mauricio Mínguez Gelabert,crespojenaro@example.org,Málaga,Honduras,2023-04-01,0
151,Imelda Escudero Ávila,rosalinabenavent@example.net,Barcelona,Panama,2021-05-13,0
152,Maxi Cueto Elorza,benjamin84@example.org,Alicante,Costa Rica,2023-05-09,0
153,Lucía Pera,nazaret26@example.org,Ávila,Paraguay,2022-07-18,1
154,Mauricio Cantero,bernardino19@example.net,Baleares,Venezuela,2022-12-02,1
155,Mariano Marco Leiva,melerotamara@example.com,Álava,Ecuador,2025-12-17,0
156,Maite Arregui Paz,amatodalis@example.com,Huelva,Honduras,2023-08-19,1
157,Lucas Lamas Bastida,fernandolarrea@example.org,Santa Cruz de Tenerife,Spain,2021-04-06,0
158,Bernardo López,tenarafaela@example.net,unknown,Bolivia,2025-02-11,1
159,José Antonio Bermejo-Herranz,darellano@example.net,unknown,Argentina,2023-06-09,0
160,Blas Del Herrera,kanglada@example.com,Albacete,Dominican Republic,2022-05-27,0
161,Yaiza Galván-Carlos,murilloloida@example.com,unknown,Dominican Republic,2024-05-21,0
162,Griselda Del Carlos,martirio50@example.org,Barcelona,Guatemala,2024-12-15,0
163,Bernarda Robles,juanmaria-carmen@example.org,Álava,Spain,2024-08-21,0
164,Piedad Egea Morell,manolaborras@example.org,Alicante,Cuba,2021-12-24,0
165,Baldomero Reyes Dueñas,alfonsohidalgo@example.net,Huelva,Paraguay,2022-03-16,1
166,Basilio Sanchez Rozas,scasals@example.org,Zaragoza,Peru,2024-05-22,0
167,Luis Ángel Olivera Vilanova,torrenspascual@example.com,Ávila,Cuba,2023-10-15,1
168,Iris Del Olivares,anacletodiaz@example.com,Cantabria,Panama,2021-01-04,0
169,Edelmiro Rubén Doménech Pol,noguesmarisa@example.com,Alicante,Spain,2023-05-23,1
170,Socorro Núñez-Gordillo,daniprat@example.org,Santa Cruz de Tenerife,Paraguay,2022-01-15,1
171,Nazario De Aguirre,walter13@example.com,Navarra,Venezuela,2021-07-16,0
172,Baltasar De Rebollo,armando54@example.org,Burgos,Equatorial Guinea,2021-03-12,0
173,Loreto Barreda Daza,roberta73@example.com,Córdoba,Bolivia,2022-05-07,1
174,Anunciación Galan-Hernando,barbaraanton@example.net,Salamanca,Dominican Republic,2024-07-13,0
175,Pepita Font Laguna,ialler@example.org,Cantabria,Guatemala,2025-01-08,1
176,Darío Seve Machado Bernad,leonisa@example.org,Ávila,El Salvador,2025-04-20,1
177,Ruben Huguet González,wbenito@example.org,La Coruña,Puerto Rico,2025-03-09,1
178,Pepita Vaquero Montoya,agustinacanovas@example.net,Córdoba,Nicaragua,2021-07-02,0
179,Gabriela Sans Bernad,ogarmendia@example.com,Murcia,Argentina,2025-01-16,1
180,Celestino Solsona Serna,cristianguzman@example.net,Asturias,Panama,2021-05-11,0
181,Ángeles Falcó,vegaoctavio@example.net,Valencia,Argentina,2022-03-09,1
182,Manuelita Riba Alcaraz,juliarosendo@example.org,León,Honduras,2026-02-19,1
183,Américo Patiño Rovira,tiradorenata@example.org,Las Palmas,Costa Rica,2022-05-16,1
184,Melchor Camino Agustí,sebastianprado@example.net,Albacete,Bolivia,2023-12-02,0
185,Sol Concepción Montoya Haro,chucho43@example.com,Zaragoza,El Salvador,2024-11-01,0
186,José Manuel Toledo Palmer,rosenda30@example.net,Castellón,Spain,2022-10-13,0
187,Clemente Samu Calzada León,borjabermudez@example.com,Guipúzcoa,Guatemala,2023-10-09,1
188,Humberto Del Galiano,erasmomarti@example.net,Zamora,Panama,2021-09-26,1
189,Basilio Vázquez-Sánchez,ileana06@example.net,Córdoba,Nicaragua,2022-02-16,0
190,Adelaida Herrera Guzmán,maria-luisa06@example.org,Jaén,Costa Rica,2024-08-22,1
191,Ignacio Jerez Calvet,gcabrera@example.net,Cáceres,Panama,2024-06-14,0
192,Santiago Matas Crespo,cobonieves@example.net,Salamanca,Spain,2023-06-18,0
193,Gabriela Sanchez Alba,ytamarit@example.org,Soria,Mexico,2021-04-04,0
194,Dora De Plaza,holmedo@example.org,unknown,Colombia,2025-10-02,1
195,María Fernanda Florencia Sierra Jimenez,nunezlisandro@example.org,Tarragona,Mexico,2021-08-13,0
196,Lorena Del Sancho,fiolsantos@example.org,Asturias,Ecuador,2025-10-09,0
197,Ángeles De Alberola,maria-cristina44@example.com,Burgos,Honduras,2024-08-07,1
198,Alejandro Porfirio Sosa Batalla,victor-manuelmarti@example.org,Pontevedra,Nicaragua,2023-09-08,0
199,Íñigo Torrent Boix,constanza64@example.net,Ávila,Bolivia,2022-04-12,0
